question_content,answer_content,box_number,last_reviewed
"Barrière",,"Dispositif de protection contre les contacts directs.",,"1","2025-08-31"
"Unité de départ",,"Unité fonctionnelle à travers laquelle l'énergie électrique est normalement fournie à un ou plusieurs circuits de départ.",,"1","2025-08-31"
"Courant de fuite",,"Courant électrique qui","dans des conditions normales de fonctionnement","s'écoule à travers un chemin électrique non désiré.",,"1","2025-08-31"
"Ame","","Conducteur avec son enveloppe isolante dans une canalisation","","1","2025-08-31"
"AFDD","","Arc Fault Detection Device","également appelé interrupteur de protection incendie. Il détecte les différents types d'activité électrique inhabituelle qui sont liés à des arcs électriques.","","1","2025-08-31"
"Partie active","","Partie conductrice destinée à être sous tension dans des conditions normales de fonctionnement","y compris le conducteur neutre et le conducteur de point milieu","à l'exception toutefois du conducteur PEN","du conducteur PEM et du conducteur PEL.","","1","2025-08-31"
"Installations","provisoires","","On considère comme installation provisoire toute installation","telle qu'une installation de chantier","une installation d'essai","etc.","qui doit être supprimée ou remplacée par une installation définitive après peu de temps.","","1","2025-08-31"
"Installations","temporaires","","Les installations temporaires","sont souvent démontées puis montées à nouveau telle que l'équipement électrique des baraques foraines","carrousels","grues de chantier","etc.","","1","2025-08-31"
"Ligne d'amenée","","Canalisation du gestionnaire du réseau de distribution jusqu'aux bornes d'entrée du coupe-surintensité général.","","1","2025-08-31"
"Coupe-surintensité général","","Coupe-surintensité inséré entre l'installation du gestionnaire du réseau de distribution et l'installation à basse tension.","","1","2025-08-31"
"Lieux/ emplacements de travail","","Emplacements dans et hors de l'entreprise où se trouvent les employé(e)s pour l'exécution de leurs travaux.","","1","2025-08-31"
"Corbeaux","","Supports horizontaux de câbles","disposés de place en place","fixés à une seule extrémité et sur lesquels les câbles sont posés.","","1","2025-08-31"
"Courant de déclenchement","","Valeur spécifiée du courant électrique qui est prévue pour provoquer le fonctionnement du dispositif de protection en un temps spécifié.","","1","2025-08-31"
"Coupure pour entretien mécanique","","Ouverture d'un dispositif de coupure destinée à couper l'alimentation des parties d'un matériel alimenté en énergie électrique de façon à éviter les dangers autres que ceux dus à des chocs électriques ou à des arcs","lors de travaux non électriques sur ce matériel.","","1","2025-08-31"
"Conducteur de phase","","Conducteur destiné à être sous tension et capable de participer au transport ou à la distribution de l'énergie électrique","mais qui n'est ni un conducteur de neutre ni un conducteur de point milieu.","","1","2025-08-31"
"Coupure automatique de l'alimentation électrique","","Interruption d'un ou de plusieurs conducteurs de ligne provoquée par le fonctionnement automatique d'un dispositif de protection en cas de défaut.","","1","2025-08-31"
"Protection Back-up","","Coordination de la protection contre les surintensités dans des conditions de court-circuit avec un dispositif de protection contre les surintensités(OCPD) monté en série avec un autre dispositif électrique; le dispositif de protection contre les surintensités(OCPD) qui se trouve généralement","mais pas nécessairement","du côté alimentation","exécute la protection contre les surintensités et empêche une surcharge éventuelle du dispositif électrique. La protection Back-up ne couvre pas la protection combinée contre les courts-circuits.","","1","2025-08-31"
"Isolation principale","","Isolation qui assure la protection principale. Cette notion n'est pas applicable à l'isolation exclusivement utilisée à des fins fonctionnelles.","","1","2025-08-31"
"Protection principale","","Protection contre les chocs électriques dans des conditions normales.","","1","2025-08-31"
"Vide de construction","","Espace existant dans la structure ou les éléments d'un bâtiment et accessible seulement en certains emplacements. Des espaces dans des parois","des planchers suspendus","des plafonds et certains types d'huisseries de fenêtres ou de portes et des chambranles sont des exemples de vides de construction. Des vides de construction spécialement prévus dans des éléments de la construction sont également dénommés «alvéoles».","","1","2025-08-31"
"Bâtiments et locaux à forte densité d'occupation","","Locaux d'une capacité de plus de 300 personnes","notamment les halles polyvalentes","les salles de sport et les halls d'exposition","les théâtres","les cinémas","les restaurants et les locaux similaires","ainsi que les magasins dont la surface de vente mesure au plus 1200 m2.","","1","2025-08-31"
"Passage de service","","Passage utilisé pendant le fonctionnement pour des besoins","tels que la connexion","la commande","le réglage ou l'observation des matériels électriques.","","1","2025-08-31"
"Courant de court-circuit conditionnel","","Courant présumé qu'un circuit protégé par un dispositif de protection spécifié contre les courts-circuits ou que le dispositif de coupure est capable de supporter pendant la durée totale de coupure du dispositif de protection contre les courts-circuits dans des conditions spécifiées d'utilisation et de comportement.","","1","2025-08-31"
"Tension assignée de tenue aux chocs Uw","","Valeur de tension de tenue aux chocs fixée par le fabricant pour un matériel ou une partie de celui-ci","caractérisant la capacité de tenue spécifiée de son isolation contre les surtensions transitoires.","","1","2025-08-31"
"Valeur assignée","","Valeur d'une grandeur pour laquelle un objet est dimensionné par le fabricant et par laquelle il est désigné. La tension","l'intensité du courant","la capacité de coupure sont des exemples pour des valeurs nominales données pour des cartouches fusibles.","","1","2025-08-31"
"Niveau de risque calculé(CRL)","","Calculated Risk Level. Le niveau de risque calculé est utilisé à des fins de décision concernant la nécessité des dispositifs de protection contre les surtensions.","","1","2025-08-31"
"Zone d'accès limité","","Zone uniquement accessible aux personnes qualifiées en électricité et aux personnes averties en électricité munies de l'autorisation adéquate.","","1","2025-08-31"
"Service de veille","","Etat de service d'un système d'éclairage dans lequel les lampes de l'éclairage de secours sont en service uniquement après une défaillance de l'alimentation de l'éclairage normal.","","1","2025-08-31"
"Tension de contact(présumée)","","Tension apparaissant entre des parties conductrices simultanément accessibles quand ces parties conductrices ne sont pas touchées par une personne ou un animal. La valeur limite conventionnelle est la valeur de la tension de contact présumée maximale qu'il est admis de pouvoir maintenir indéfiniment dans des conditions d'influences externes spécifiées.","","1","2025-08-31"
"Tension de contact(effective)","","Tension entre des parties conductrices quand elles sont touchées simultanément par une personne ou un animal. La valeur de la tension de contact effective peut être sensiblement influencée par l'impédance de la personne ou de l'animal en contact électrique avec ces parties conductrices.","","1","2025-08-31"
"Courant de contact","","Courant électrique passant dans le corps humain ou dans celui d'un animal lorsqu'il est en contact avec une ou plusieurs parties accessibles d'une installation électrique ou de matériels électriques.","","1","2025-08-31"
"Mise à la terre du réseau","","Action de mettre à la terre afin d'assurer à la fois les fonctions de mise à la terre fonctionnelle et de mise à la terre de protection dans un réseau électrique.","","1","2025-08-31"
"Coupure fonctionnelle","","Action destinée à assurer la fermeture","l'ouverture ou la variation de l'alimentation en énergie électrique de tout ou partie d'une installation électrique à des fins de fonctionnement normal.","","1","2025-08-31"
"Matériel électrique","","Matériel utilisé pour la production","la transformation","le transport","la distribution ou l'utilisation de l'énergie électrique. Ce matériel comprend","par exemple","des machines","des transformateurs","des appareillages","des appareils de mesure","des dispositifs de protection","des canalisations électriques et des matériels d'utilisation.","","1","2025-08-31"
"Matériel installé à poste fixe","","Matériel électrique scellé à un support ou fixé d'une autre manière à un endroit précis.","","1","2025-08-31"
"Matériel semi-fixe/ Matériel stationnaire","","Matériel installé à poste fixe ou matériel électrique non muni d'une poignée pour le transport et qui ne peut pas être déplacé facilement.","","1","2025-08-31"
"Matériel mobile","","Matériel électrique qui est déplacé pendant son fonctionnement","ou qui peut être facilement déplacé tout en restant relié au circuit électrique d'alimentation.","","1","2025-08-31"
"Courant d'emploi","","Courant électrique destiné à être transporté dans un circuit électrique en fonctionnement normal.","","1","2025-08-31"
"Valeur de service","","Valeur d'une grandeur qui se présente en cours d'exploitation et qui ne peut être constatée que par une mesure.","","1","2025-08-31"
"Ligne d'abonné","","Canalisation dans laquelle est inséré le compteur d'énergie et qui est raccordée aux bornes de départ d'un coupe-surintensité général ou à une ligne principale et à l'installation de distribution de l'abonné. La ligne d'abonné alimente un circuit de compteur.","","1","2025-08-31"
"Coupe-surintensité d'abonné","","Coupe-surintensité qui protège une ligne d'abonné contre les surintensités.","","1","2025-08-31"
"Terre de référence","","Partie de la terre considérée comme conductrice","dont le potentiel électrique est pris","par convention","égal à zéro","étant hors de la zone d'influence de toute installation de mise à la terre. La notion de «Terre» se réfère à la planète et à toute la matière dont elle est composée.","","1","2025-08-31"
"Interrupteur de protection incendie","","Dispositif électrique qui coupe tous les circuits à l'exception de ceux dont le fonctionnement est nécessaire en cas d'incendie.","","1","2025-08-31"
"Comportement au feu CPS","","Comportement d'un matériau en cas d'incendie.","","1","2025-08-31"
"Service continu","","Etat de service d'un système d'éclairage dans lequel les lampes de l'éclairage de secours sont en service en permanence dès lors qu'un éclairage général ou un éclairage de secours est nécessaire.","","1","2025-08-31"
"Courant différentiel résiduel","","Somme algébrique des valeurs des courants électriques dans tous les conducteurs actifs","au même instant en un point donné d'un circuit électrique d'une installation électrique.","","1","2025-08-31"
"Double isolation","","Isolation comprenant à la fois une isolation principale et une isolation supplémentaire.","","1","2025-08-31"
"Séparation simple","","Séparation entre circuits ou entre un circuit électrique et la terre locale par une isolation principale.","","1","2025-08-31"
"Alimentations pour services de sécurité","","Installation électrique et ses matériels électriques qui protègent ou avertissent les personnes en cas de danger ou sont nécessaires à l'évacuation d'un site. Exemples de dispositifs pour services de sécurité: éclairage de secours(éclairage de sécurité)","pompes d'incendie","pompes sprinkler","ascenseurs pour sapeurs-pompiers","systèmes d'alerte","installations de détection d'incendie","détecteurs de monoxyde de carbone","systèmes anti-intrusion","installations d'évacuation","installations de désenfumage","systèmes médicaux importants.","","1","2025-08-31"
"Condition de premier défaut","","Condition dans laquelle un moyen de protection contre les chocs électriques est défectueux ou un défaut susceptible de causer un danger est présent. Si une condition de premier défaut engendre une ou plusieurs autres conditions de défaut","toutes sont considérées comme une seule condition de premier défaut.","","1","2025-08-31"
"Installation électrique","","Ensemble de matériels électriques associés ayant des caractéristiques coordonnées en vue d'une application donnée.","","1","2025-08-31"
"Système d'alimentation électrique pour installations de sécurité","","Installation électrique destinée à maintenir la fonction des matériels électriques qui présentent une importance considérable. Pour la sécurité et la santé des personnes et des animaux de rente et/ou pour éviter des dégâts à l'environnement et à d'autres matériels","si cela est exigé par les réglementations nationales. Le système d'alimentation inclut la source et les circuits électriques jusqu'aux bornes des matériels électriques. Dans certains cas","il peut aussi inclure ces matériels.","","1","2025-08-31"
"Locaux affectés à un service électrique","","Locaux qui contiennent principalement des installations électriques et qui ne sont accessibles qu'à des personnes averties.","","1","2025-08-31"
"Choc électrique","","Effet physiologique résultant du passage d'un courant électrique à travers le corps humain ou celui d'un animal.","","1","2025-08-31"
"Personne qualifiée(en électricité)","","Personne ayant la formation et l'expérience appropriées pour lui permettre de percevoir les risques et d'éviter les dangers que peut présenter l'électricité.","","1","2025-08-31"
"Système de conduits profilés (fermés)","","Ensemble d'enveloppes fermées","de section non circulaire","destiné à la mise en place ou au remplacement de conducteurs isolés ou des câbles","par tirage","dans des installations électriques.","","1","2025-08-31"
"Système de goulottes (à ouvrir)","","Ensemble d'enveloppes fermées","munies d'un fond avec un couvercle amovible et destiné à la protection complète des conducteurs isolés et des câbles et/ou au logement d'autres matériels électriques y compris des matériels de traitement de l'information.","","1","2025-08-31"
"Conduit","","Elément d'un système de canalisation électrique fermé de section droite généralement circulaire","destiné à la mise en place par tirage ou au remplacement des conducteurs ou des câbles isolés dans les installations électriques ou de télécommunication. Il convient que les conduits soient suffisamment fermés sur leur pourtour de façon que les conducteurs isolés ne puissent être introduits que par tirage et on par insertion latérale.","","1","2025-08-31"
"Personne avertie(personne instruite)","","Personne suffisamment informée ou surveillée par des personnes qualifiées en électricité pour lui permettre de percevoir les risques et d'éviter les dangers que peut présenter l'électricité.","","1","2025-08-31"
"TBT(très basse tension)","","Tension ne dépassant pas la valeur maximale de la tension de contact acceptable dans les conditions d'influences externes spécifiées.","","1","2025-08-31"
"Circuit terminal","","Circuit électrique comprenant des appareils d'utilisation et/ou des socles de prises de courant.","","1","2025-08-31"
"Terre(locale)","","Partie de la terre en contact électrique avec une prise de terre et dont le potentiel électrique n'est pas nécessairement égal à zéro.","","1","2025-08-31"
"Mettre à la terre","","Réaliser une liaison électrique entre une partie conductrice et une terre locale(liaison intentionnelle ou non intentionnelle","permanente ou temporaire).","","1","2025-08-31"
"Electrode de terre","","Partie conductrice qui est en contact électrique avec une terre locale","directement ou par un moyen conducteur intermédiaire","par exemple béton.","","1","2025-08-31"
"Réseau de terre","","Partie d'une installation de mise à la terre comprenant seulement les électrodes de terre et leurs interconnexions.","","1","2025-08-31"
"Courant de défaut à la terre","","Courant qui s'écoule à la terre lors d'un défaut d'isolement.","","1","2025-08-31"
"Potentiel du sol par rapport à la terre","","Tension entre un point spécifié à la surface de la Terre et la terre de référence.","","1","2025-08-31"
"Retour par la terre","","Chemin conducteur électrique formé par la terre","des conducteurs ou des parties conductrices","entre des installations de mise à la terre.","","1","2025-08-31"
"Défaut à la terre","","Occurrence d'un chemin conducteur accidentel entre un conducteur sous tension et la terre. Le chemin conducteur peut passer par une isolation défectueuse","par des structures(par ex. supports de ligne","échafaudages","grues","échelles) ou encore par la végétation(par ex. arbres","buissons) et peut présenter une impédance non négligeable.","","1","2025-08-31"
"Mise à la terre","","Liaisons électriques entre des parties conductrices et une terre locale.","","1","2025-08-31"
"Installation de mise à la terre","","Ensemble des moyens électriques mis en œuvre dans la mise à la terre d'un réseau","d'une installation ou d'un matériel. Les liaisons électriques et dispositifs utilisés pour la mise à la terre constituent des exemples de moyens électriques.","","1","2025-08-31"
"Conducteur de terre","","Conducteur formant un chemin conducteur entre une partie conductrice et une prise de terre. Dans l'installation électrique d'un bâtiment le point donné est habituellement la borne principale de terre et le conducteur de mise à la terre relie ce point et l'électrode de terre ou le réseau d'électrodes de terre.","","1","2025-08-31"
"Source électrique de remplacement","","Source électrique prévue pour maintenir","pour des raisons autres que la sécurité","l'alimentation d'une installation électrique ou des parties de celle-ci","en cas d'interruption de l'alimentation normale.","","1","2025-08-31"
"Installation d'alimentation de remplacement","","Installation d'alimentation prévue pour maintenir","pour des raisons autres que la sécurité","le fonctionnement d'une installation électrique ou des parties de celle-ci","en cas d'interruption de l'alimentation normale.","","1","2025-08-31"
"Protection en cas de défaut","","Protection contre les chocs électriques dans des conditions de premier défaut.","","1","2025-08-31"
"Tension de défaut","","Tension entre un point de défaut donné et la terre de référence","consécutivement à un défaut de l'isolation.","","1","2025-08-31"
"Courant de défaut(défaut d'isolement)","","Courant s'écoulant en un point de défaut donné","consécutivement à un défaut de l'isolation.","","1","2025-08-31"
"Dispositif de protection à courant différentiel-résiduel(DDR)","","Dispositif mécanique de coupure dont la fonction est d'enclencher","de conduire et de couper un courant dans les conditions de service normales et de provoquer l'ouverture des contacts quand le courant de défaut atteint","dans des conditions spécifiées","une valeur donnée. Un dispositif de protection à courant différentiel-résiduel peut être une combinaison de différents composants séparés qui sont destinés à justifier et à évaluer le courant de défaut ou à enclencher et à couper le courant. Le dispositif de protection à courant différentiel-résiduel (DDR) comprend des dispositifs","tels qu'un disjoncteur de protection à courant différentiel-résiduel(RCCB)","un disjoncteur de protection à courant différentiel-résiduel avec déclencheur à maximum de courant (RCBO)","un disjoncteur de puissance avec protection contre les courants de défaut incorporée(CBR) et un dispositif de protection à courant différentiel-résiduel modulaire(MRCD).","","1","2025-08-31"
"TBTF","","Très basse tension fonctionnelle","","1","2025-08-31"
"Local humide","","Local ou volume particulier à l'intérieur d'un local dans lesquels l'humidité","de l'eau de condensation ou des influences climatiques semblables peuvent nuire à la sécurité des matériels.","","1","2025-08-31"
"Local présentant des dangers d'incendie avec poussière combustible","","Local ou zone dans lequel sont produites","travaillées ou emmagasinées des matières facilement combustibles et où il faut compter","dans les conditions d'exploitation normales prévues","avec la formation de dépôts de poussière en quantité dangereuse.","","1","2025-08-31"
"Local présentant des dangers d'incendie sans poussière combustible","","Local ou zone dans lequel sont emmagasinées des quantités importantes de matières facilement combustibles.","","1","2025-08-31"
"Librement utilisable","","Les prises qui sont librement accessibles et dont le genre de prise permet le raccordement de matériels d'utilisation.","","1","2025-08-31"
"Elément conducteur étranger","","Partie conductrice ne faisant pas partie de l'installation électrique et susceptible d'introduire un potentiel électrique","généralement celui d'une terre locale.","","1","2025-08-31"
"Electrode de terre de fondation","","Partie conductrice incorporée dans le béton des fondations d'un bâtiment en contact avec le sol","généralement en forme de boucle.","","1","2025-08-31"
"Mise à la terre fonctionnelle","","Action de mettre à la terre pour des raisons autres que la sécurité électrique.","","1","2025-08-31"
"Conducteur de mise à la terre fonctionnelle","","Conducteur de mise à la terre utilisé pour la mise à la terre fonctionnelle.","","1","2025-08-31"
"Liaison équipotentielle fonctionnelle","","Liaison équipotentielle réalisée à des fins autres que la sécurité.","","1","2025-08-31"
"Réseau équipotentiel fonctionnel","","Réseau équipotentiel assurant une liaison équipotentielle fonctionnelle.","","1","2025-08-31"
"Conducteur de liaison fonctionnelle","","Conducteur prévu pour réaliser une liaison équipotentielle fonctionnelle.","","1","2025-08-31"
"Emplacement approprié","","Enveloppe de construction ou compartiment coupe-feu séparé ou local séparé pour l'assurance du fonctionnement normal des matériels en cas d'incendie.","","1","2025-08-31"
"Partie active dangereuse","","Partie active qui peut provoquer","dans certaines conditions","un choc électrique nuisible. Une tension dangereuse peut apparaître sur la surface accessible d'une isolation fixe. Dans ce cas-là","cette surface est considérée comme une partie sous tension.","","1","2025-08-31"
"Dispositif connecteur","","Dispositif conjoncteur dont la fiche est prévue pour équiper un appareil.","","1","2025-08-31"
"Parties simultanément accessibles","","Parties conductrices qui peuvent être touchées simultanément par un être humain ou par un animal(parties actives","masses","éléments conducteurs étrangers","conducteurs de protection","sol ou plancher conducteur).","","1","2025-08-31"
"Volume d'accessibilité au toucher","","Zone s'étendant entre tout point de la surface où les personnes se tiennent et circulent habituellement","et la limite qu'un personne peut atteindre avec la main","dans toutes les directions","sans moyen auxiliaire.","","1","2025-08-31"
"Matériel portatif(électrique)","","Matériel électrique prévu pour être tenu à la main en usage normal.","","1","2025-08-31"
"Barre principale de mise à la terre","","Borne ou barre faisant partie de l'installation de mise à la terre d'une installation et assurant la connexion électrique d'un certain nombre de conducteurs à des fins de mise à la terre(barre d'équipotentialité).","","1","2025-08-31"
"Circuit principal","","Circuit qui comporte des matériels destinés à la production","à la transformation","à la distribution ou à la commutation de l'énergie électrique ou de matériels d'utilisation électriques.","","1","2025-08-31"
"Colonne ou ligne principale","","Canalisations entre les bornes de départ du coupe-surintensité général et le point de raccordement de la ligne d'abonné. La colonne ou ligne principale alimente un ou plusieurs circuits de compteur.","","1","2025-08-31"
"Installations de levage et de transport","","Installations qui servent à transporter des personnes et/ou des marchandises. Engins de levage classiques","ascenseurs et monte­ charge","engins de manutention continue.","","1","2025-08-31"
"Circuit auxiliaire","","Circuit destiné à la transmission de signaux de commande","de détection et de surveillance de l'état fonctionnel d'un circuit principal.","","1","2025-08-31"
"Installation à haute tension","","Installation à courant fort dont la tension de service est supérieure à 1000 V AC ou 1500 V DC.","","1","2025-08-31"
"Impédance","","Résistance totale qui se compose de la résistance ohmique (résistance) et des résistances réactives(inductance et capacité).","","1","2025-08-31"
"Impédance de mise à la terre","","Impédance à une fréquence donnée entre un point spécifié d'un réseau","d'une installation ou d'un matériel et la terre de référence.","","1","2025-08-31"
"Passage d'entretien","","Passage utilisé pour l'accès à des matériels électriques pour les besoins d'entretien.","","1","2025-08-31"
"Caniveau","","Elément de canalisation situé au-dessus ou dans le sol ou le plancher","ouvert","venti lé ou fermé","ayant des dimensions ne permettent pas aux personnes d'y circuler","mais dans lequel les conduits ou câbles sont accessibles sur toute leur longueur","pendant et après installation. Il peut ou non faire partie de la construction de bâtiment.","","1","2025-08-31"
"Galerie","","Couloir dont les dimensions permettent aux personnes d'y circuler librement sur toute sa longueur","contenant des supports pour les câbles et leurs jonctions ou d'autres éléments de canalisation électrique.","","1","2025-08-31"
"Echelle à câbles","","Système de support de câbles constitué d'une série d'éléments transversaux rigidement fixés à des montants principaux longitudinaux.","","1","2025-08-31"
"Serre-câble","","Supports disposés de place en place et qui retiennent mécaniquement un câble ou un circuit(collier).","","1","2025-08-31"
"Chemin de câbles","","Système de support de câbles constitué d'une base continue avec des rebords","mais ne comportant pas de couvercle. Un chemin de câbles peut être perforé on en treillis.","","1","2025-08-31"
"Installation électrique du prosommateur PEI","","Installation électrique capable de produire et de consommer de l'énergie électrique. L'.abréviation «PEI» est dérivée du terme anglais correspondant «prosuming electrical installation».","","1","2025-08-31"
"Tenue aux courts-circuits combinée","","Courant de court-circuit maximal qui peut être supporté par deux dispositifs de protection contre les courts-circuits montés en série.","","1","2025-08-31"
"Réseau commun de liaison équipotentielle","","Réseau équipotentiel assurant à la fois une liaison équipotentielle de protection et une liaison équipotentielle fonctionnelle.","","1","2025-08-31"
"Protection combinée contre les courts-circuits","","Coordination de la protection contre les surintensités dans des conditions de court-circuit avec deux dispositifs de protection contre les surintensités(OCPD) montés en série qui permettent d'obtenir une tenue combinée aux courants de court-circuit supérieure à celle d'un seul dispositif de protection contre les surintensités(OCPD).","","1","2025-08-31"
"Coordination des matériels électriques","","Méthode correcte pour le choix de dispositifs électriques en série afin de garantir la sûreté et la sécurité d'approvisionnement de l'installation tout en prenant en compte la protection contre les courts-circuits et/ou la protection contre les surcharges et/ou la sélectivité.","","1","2025-08-31"
"Masse(d'un matériel électrique)","","Partie conductrice d'un matériel électrique","susceptible d'être touchée","et qui n'est pas sous tension dans des conditions normales","mais qui peut le devenir lorsque l'isolation principale est défaillante.","","1","2025-08-31"
"Court-circuit","","Chemin conducteur accidentel ou intentionnel entre deux ou plusieurs parties conductrices forçant les différences de potentiel électriques entre ces parties conductrices à être nulles ou proches de zéro.","","1","2025-08-31"
"Intrinsèquement protégé contre les courts-circuits et les défauts à la terre","","Qualité d'un matériel ou d'un ensemble électrique protégé contre les courts-circuits et les défauts à la terre par une conception et une mise en œuvre appropriées.","","1","2025-08-31"
"Court-circuit phase-terre","","Court-circuit entre un conducteur de ligne et la terre","dans un réseau à neutre à la terre ou dans un réseau à neutre impédance. Le court-circuit phase-terre peut être établi","par exemple","par l'intermédiaire d'un conducteur de mise à la terre et d'une prise de terre.","","1","2025-08-31"
"Court-circuit entre phases","","Court-circuit entre au moins deux conducteurs de ligne","combiné ou non avec un court-circuit phase-terre au même endroit.","","1","2025-08-31"
"Dispositif de protection contre les courts-circuits(SCPD)","","Dispositif qui protège un circuit ou des parties d'un circuit contre un courant de court-circuit par la coupure de ce dernier.","","1","2025-08-31"
"Résistant au court-circuit","","La protection contre les courts-circuits est donnée pour les transformateurs ne subissant ou ne provoquant aucun dégât lorsque le circuit secondaire est court-circuité en permanence.","","1","2025-08-31"
"Courant de court-circuit","","Courant électrique dans un court-circuit déterminé.","","1","2025-08-31"
"Personne ordinaire","","Personne qui n'est ni une personne qualifiée","ni une personne avertie.","","1","2025-08-31"
"Conducteur","","Partie conductrice destinée à conduire un courant électrique spécifié.","","1","2025-08-31"
"Partie conductrice","","Partie capable de conduire un courant électrique.","","1","2025-08-31"
"Canalisation(installation de câble et de canalisation)","","Ensemble constitué par un ou plusieurs conducteurs électriques isolés","câbles ou jeux de barres et les éléments assurant leur fixation et. le cas échéant","leur protection mécanique.","","1","2025-08-31"
"Disjoncteur de canalisation/ Disjoncteur de puissance","","Appareil mécanique de commutation capable d'établir","de supporter et d'interrompre des courants dans les conditions normales du circuit","ainsi que d'établir","de supporter pendant une durée spécifiée et d'interrompre des courants dans des conditions anormales spécifiées du circuit telles que celles du court-circuit.","","1","2025-08-31"
"LPS","","Lightning Protection System. Systèmes de protection contre la foudre composé d'une protection intérieure contre la foudre et d'une protection extérieure contre la foudre.","","1","2025-08-31"
"Eclairement minimal","","Eclairement d'un éclairage de secours à la fin de la durée de service assignée.","","1","2025-08-31"
"Conducteur de point milieu","","Conducteur relié électriquement au point milieu et capable de participer à la distribution de l'énergie électrique.","","1","2025-08-31"
"MRCD","","Dispositif de protection à courant différentiel-résiduel modulaire","","1","2025-08-31"
"Local mouillé","","Local ou volume particulier à l'intérieur d'un local dont le sol- de temps en temps également ses parois et/ou le mobilier ou les équipements - est aspergé d'eau pour des raisons d'exploitation ou hygiéniques ou autres.","","1","2025-08-31"
"Tension nominale","","Valeur de la tension par laquelle l'installation électrique ou une partie de l'installation électrique est désignée et identifiée.","","1","2025-08-31"
"Conducteur neutre","","Conducteur relié électriquement au point neutre et pouvant contribuer à la distribution de l'énergie électrique.","","1","2025-08-31"
"Sectionneur de neutre/ borne spéciale","","Dispositif de sectionnement","monté sur le conducteur neutre ou sur le conducteur PEN","qui peut être actionné sans séparer les conducteurs reliés et avec un seul outil. Il sert à la mesure de l'état de l'isolation. Une borne spéciale est une connexion qui permet plusieurs séparations et connexions sans débrancher les conducteurs raccordés. Le sectionnement ne doit pas être possible à la main","mais uniquement avec l'aide d'un outil. Dans les ensembles d'appareillages","des bornes spéciales pour lesquelles le sectionnement des conducteurs se fait par déconnexion de ceux-ci peuvent exceptionnellement être utilisées sur les barres omnibus pour autant qu'aucun sectionneur de neutre ne soit exigé.","","1","2025-08-31"
"Point neutre","","Point commun d'un réseau polyphasé connecté en étoile.","","1","2025-08-31"
"Environnement non conducteur","","Environnement présentant une haute impédance contre la terre et exempt de parties conductrices mises à la terre. Les murs et sols isolants fournissent une impédance élevée contre la terre.","","1","2025-08-31"
"Courant conventionnel de non­ fonctionnement","","Valeur spécifiée du courant électrique que le dispositif de protection peut supporter pendant un temps spécifié sans fonctionner.","","1","2025-08-31"
"Incombustible et calorifuge","","Matériaux de construction qui ne peuvent pas s'enflammer et qui conduisent mal la chaleur. Afin qu'une matière puisse être considérée comme incombustible et calorifuge","elle doit présenter un degré de combustibilité RF4 et une résistance au passage de la chaleur appropriée.","","1","2025-08-31"
"Installation à basse tension","","Installation à courant fort dont la tension de service DC est supérieure à 50 V AC ou à 120 V DC mais ne dépasse pas 1000 V AC ou 1500 V DC.","","1","2025-08-31"
"Coupure d'urgence","","Ouverture d'un dispositif de coupure destinée à couper l'alimentation électrique d'une installation électrique pour supprimer ou réduire un danger.","","1","2025-08-31"
"Éclairage de secours","","Eclairage qui fonctionne en cas de perturbation de l'alimentation électrique de l'éclairage artificiel général.","","1","2025-08-31"
"Arrêt d'urgence","","Action destinée à arrêter aussi vite que possible un mouvement devenu dangereux.","","1","2025-08-31"
"Luminaire de secours","","Luminaire qu'il est permis d'équiper avec ou sans source de courant spécifique pour services de sécurité et qui est utilisé à des fins d'éclairage de sécurité ou de secours.","","1","2025-08-31"
"Animaux de rente","","Animaux utilisés par les êtres humains à des fins économiques. L'.utilisation comprend la fourniture de denrées alimentaires","de vêtements ou de biens de consommation. Certains animaux domestiques","tels que les animaux de chasse","de garde","de trait","de bât","de monte","de laboratoire et d'expérience","sont également considérés comme des animaux de rente ou d'usage en dehors du secteur agricole.","","1","2025-08-31"
"OCPD","","Dispositif de protection contre les surintensités","","1","2025-08-31"
"Canalisations mobiles","","Conducteur et canalisation qui peuvent être déplacés lors de leur utilisation.","","1","2025-08-31"
"Conducteur de terre en parallèle","","Conducteur habituellement posé le long du parcours d'un câble","destiné à assurer une connexion de faible impédance entre les installations de mise à la terre aux extrémités du parcours du câble.","","1","2025-08-31"
"Conducteur PEL","","Conducteur assurant à la fois les fonctions de conducteur de mise à la terre de protection et de conducteur de phase.","","1","2025-08-31"
"TBTP","","Très basse tension de protection. Schéma électrique dont la tension ne peut pas dépasser la valeur de la très basse tension. Dans des conditions normales et dans des conditions de premier défaut","à l'exception des défauts à la terre dans les autres circuits électriques.","","1","2025-08-31"
"Conducteur PEM","","Conducteur assurant à la fois les fonctions de conducteur de mise à la terre de protection et de conducteur de point milieu.","","1","2025-08-31"
"Conducteur PEN","","Conducteur assurant à la fois les fonctions de conducteur de mise à la terre de protection et de conducteur de neutre.","","1","2025-08-31"
"Liaison équipotentielle","","Disposition des connexions électriques entre des parties conductrices afin de réaliser l'équipotentialité.","","1","2025-08-31"
"Réseau équipotentiel","","Interconnexion de parties conductrices","permettant d'assurer une liaison équipotentielle entre ces parties.","","1","2025-08-31"
"Borne d'équipotentialité","","Borne dont un matériel ou un dispositif est muni","et destinée à être connectée électriquement au réseau équipotentiel.","","1","2025-08-31"
"Borne d'équipotentialité","","Ceinturage de mise à la terre formant une boucle fermée de raccordement. Généralement","le ceinturage d'équipotentialité comporte de multiples connexions avec le réseau commun de liaison équipotentielle(CBN) dont il améliore ainsi la qualité.","","1","2025-08-31"
"Point de raccordement d'équipotentialité","","Borne ou barre faisant partie de l'installation de mise à la terre d'une installation et assurant la connexion électrique d'un certain nombre de conducteurs à des fins de mise à la terre(barre principale de mise à la terre).","","1","2025-08-31"
"Borne principale de terre","","Borne ou barre faisant partie de l'installation de mise à la terre d'une installation et assurant la connexion électrique d'un certain nombre de conducteurs à des fins de mise à la terre(barre principale de mise à la terre).","","1","2025-08-31"
"Barre d'équipotentialité","","Barre omnibus faisant partie d'un réseau équipotentiel et assurant la connexion électrique d'un certain nombre de conducteurs à des fins de liaison équipotentielle.","","1","2025-08-31"
"Equipotentialité","","Etat des parties conductrices ayant un potentiel électrique sensiblement égal.","","1","2025-08-31"
"Sources des perturbations électromagnétiques","","Il convient que les matériels électriques sensibles aux perturbations électromagnétiques ne soient pas situés à proximité de sources de champs électromagnétiques importants. Ces sources sont par exemple les commutations de charges inductives","les moteurs électriques","les éclairages fluorescents","les soudeuses","les redresseurs","les hacheurs","les convertisseurs de fréquence","les onduleurs","les régulateurs","les installations de compensation","les ascenseurs","les transformateurs","les appareillages électriques et les barres de distribution de puissance.","","1","2025-08-31"
"Genres de locaux","","Il n'est souvent possible de classer des locaux dans un des genres de locaux donnés dans la NIBT qu'après avoir obtenu une connaissance plus précise des conditions locales et d'exploitation. Si","par exemple","l'humidité est importante à un endroit déterminé d'un local et que le reste du local est sec par suite d'une aération régulière","l'ensemble du local n'est pas considéré comme un local humide.","","1","2025-08-31"
"Local avec poussière non combustible","","Local ou zone où il faut compter","dans des conditions d'utilisation prévues","avec la formation des dépôts notables de poussière non combustible(exemples: certains locaux ou zones dans les cimenteries","les usines de concassage","les fonderies).","","1","2025-08-31"
"RCBO","","Disjoncteur de protection à courant différentiel-résiduel avec déclencheur à maximum de courant","","1","2025-08-31"
"RCCB","","Disjoncteur de protection à courant différentiel-résiduel","","1","2025-08-31"
"DDR","","Dispositif de protection à courant différentiel-résiduel","","1","2025-08-31"
"Réduction des perturbations électromagnétiques","","Le concepteur et l'installateur d'une installation électrique doivent prendre en compte les mesures décrites ci-après pour la réduction des perturbations électriques et magnétiques sur les matériels électriques. Seuls les matériels électriques satisfaisant aux exigences des normes appropriées relatives à la CEM ou aux exigences CEM relatives à ces matériels doivent être utilisés.","","1","2025-08-31"
"Voie de secours","","Voie qui mène vers un emplacement sûr en cas d'urgence.","","1","2025-08-31"
"Luminaire pour signaux de secours","","Luminaire destiné au marquage des voies de secours et qui permet d'identifier ces dernières.","","1","2025-08-31"
"Collier","","Supports disposés de place en place et qui retiennent mécaniquement un câble ou un circuit(serre-câbles).","","1","2025-08-31"
"Commutation","","Fonction prévue afin d'établir ou d'interrompre le passage du courant dans un ou plusieurs circuits.","","1","2025-08-31"
"Interrupteur","","Dispositif destiné à modifier les connexions électriques entre ses bornes.","","1","2025-08-31"
"Appareillage","","Matériel électrique destiné à être relié à un circuit électrique en vue d'assurer une ou plusieurs des fonctions suivantes: protection","commande","sectionnement","commutation(appareil de commande).","","1","2025-08-31"
"Serrure","","Les serrures sont des appareils de fermeture se manœuvrant (ouverture et fermeture) uniquement au moyen de clés","comme par exemple","les clés normales à panneton et les clés de sûreté pour serrures cylindriques. Les serrures(par exemple les serrures d'aiguille","les serrures à verrou","les serrures à barre) se manœuvrant au moyen de clés triangulaires ou carrées et autres","en font également partie.","","1","2025-08-31"
"Contacteur","","Appareil mécanique de connexion ayant une seule position de repos","commandé autrement qu'à la main","capable d'établir","de supporter et d'interrompre des courants dans les conditions normales du circuit","y compris les conditions de surcharge en service.","","1","2025-08-31"
"Barrière de protection","","Partie assurant la protection","dans toute direction habituelle d'accès","contre tout contact direct par un être humain ou un animal.","","1","2025-08-31"
"Mise à la terre de protection","","Action de mettre à la terre à des fins de sécurité électrique.","","1","2025-08-31"
"Conducteur de mise à la terre de protection","","Conducteur de protection prévu pour réaliser la mise à la terre de protection.","","1","2025-08-31"
"Obstacle de protection","","Élément empêchant un contact fortuit par un être humain ou un animal avec les parties actives dangereuses","mais ne s'opposant pas à un contact direct par une action délibérée.","","1","2025-08-31"
"Classe de protection 0","","Aucune protection en cas de défaut n'est prévue. Les masses du matériel ne sont ni raccordées au conducteur de protection de l'installation fixe","ni inaccessibles de l'extérieur comme dans le cas d'une double isolation. La protection contre les courants de contact dangereux est assurée par l'environnement","par ex. par les locaux non conducteurs.","","1","2025-08-31"
"Classe de protection 1","","La protection en cas défaut est assurée par le raccordement des masses au conducteur de protection des installations fixes. En cas de défaillance de l'isolation de base","le circuit défectueux est automatiquement déclenché. Il ne doit subsister aucune tension de contact dangereuse. Pour un matériel utilisé avec une canalisation mobile","le conducteur de protection doit être incorporé à cette canalisation et connecté à la masse du matériel.","","1","2025-08-31"
"Classe de protection Il","","la protection en cas de défaut par une seconde isolation(double) ou par une isolation renforcée","correspondant aux conditions de la double isolation. Ces mesures ne comportent aucune possibilité de raccordement d'un conducteur de protection(des exceptions peuvent être admises pour autant qu'elles soient expressément stipulées dans les dispositions relatives au matériel). La protection des matériels de la classe de protection 11 en cas de contact indirect dépend des conditions de l'installation. En ce qui concerne leur protection en cas de défaut","les matériels de la classe 11 sont indépendants des conditions d'installation. On distingue le matériel totalement isolé dans lequel les masses sont prises dans l'isolation et le matériel avec enveloppe métallique dans lequel les parties actives comportent une double isolation ou une isolation renforcée par rapport à l'enveloppe métallique(marquage\).","","1","2025-08-31"
"Classe de protection Ill","","Aucune protection en cas de défaut n'est prévue. La protection repose exclusivement sur la limitation de la tension à la valeur de la très basse tension TBT De matériels de la classe 111 ne doivent par conséquent être exploités que s'ils répondent aux conditions de la très basse tension de sécurité TBTS ou de la très basse tension de protection TBTP.","","1","2025-08-31"
"Classes de protection","","Les classes de protection caractérisent la protection en cas de défaut(protection en cas de contact indirect). La protection principale (protection contre les contacts directs) est garantie dans toutes les classes de protection par l'isolation principale.","","1","2025-08-31"
"Conducteur de protection","","Conducteur prévu à des fins de sécurité électrique.","","1","2025-08-31"
"Courant dans le conducteur de protection","","Courant électrique apparaissant dans un conducteur de protection","tel que courant de fuite ou courant électrique du à un défaut d'isolement.","","1","2025-08-31"
"Mesure de protection","","Combinaison appropriée de dispositions de protection contre les chocs électriques.","","1","2025-08-31"
"Liaison équipotentielle de protection","","Liaison équipotentielle réalisée à des fins de sécurité.","","1","2025-08-31"
"Réseau équipotentiel de protection","","Réseau équipotentiel assurant une liaison équipotentielle de protection.","","1","2025-08-31"
"Conducteur d'équipotentialité de protection","","Conducteur de protection pour l'établissement de la liaison équipotentielle de protection.","","1","2025-08-31"
"Ecran de protection","","Ecran conducteur utilisé pour séparer un circuit électrique et/ou des conducteurs des parties actives dangereuses.","","1","2025-08-31"
"Protection par écran","","Séparation de circuits électriques et/ou de conducteurs par rapport aux parties actives dangereuses par un écran de protection électrique relié au réseau de liaisons équipotentielles de protection et destinée à fournir une protection contre les chocs électriques.","","1","2025-08-31"
"protection par séparation","","Séparation électrique et isolation des parties actives dangereuses et de l'isolation des parties conductrices accessibles des autres circuits électriques et de la terre.","","1","2025-08-31"
"Enveloppe de protection","","Enveloppe électrique entourant les parties internes des matériels et empêchant","dans toutes les directions","l'accès aux parties actives dangereuses.","","1","2025-08-31"
"Disposition de protection","","Disposition indépendante destinée à assurer la protection contre les chocs électriques dans des conditions spécifiées.","","1","2025-08-31"
"Installation à courant faible","","Installation électrique dans laquelle aucun courant dangereux pour les personnes ou pour les choses ne peut normalement pas se produire. Selon la présente norme","il s'agit des installations dont la tension de service ne dépasse pas 50 V AC ou 120 V DC et dont le courant de service ne dépasse pas 2 A.","","1","2025-08-31"
"SCPD","","Dispositif de protection contre les courts-circuits","","1","2025-08-31"
"Sélectivité","","Coordination entre les caractéristiques de fonctionnement de plusieurs dispositifs de protection à maximum de courant de telle façon qu'à l'apparition de surintensités comprises dans des limites données","le dispositif prévu pour fonctionner dans ces limites fonctionne","tandis que le ou les autres demeurent pratiquement intacts. On distingue la sélectivité série réalisée par différents dispositifs de protection contre les surintensités soumis pratiquement à la même surintensité et la sélectivité de réseau réalisée par des dispositifs de protection identiques soumis à des fractions différentes de la surintensité.","","1","2025-08-31"
"TBTS","","Très basse tension de sécurité. Schéma électrique dont la tension ne peut pas dépasser la valeur de la très basse tension. Dans des conditions normales et dans des conditions de premier défaut","y compris les défauts à la terre dans les autres circuits électriques.","","1","2025-08-31"
"Séparation de protection (électrique)","","Séparation entre deux circuits électriques au moyen d'une double isolation ou d'une isolation principale et d'une protection électrique par écran ou d'une isolation renforcée.","","1","2025-08-31"
"Sécurité(électrique)","","Absence de risque inacceptable dû à l'électricité.","","1","2025-08-31"
"Sécurité de l'installation électrique","","Sécurité des personnes","des animaux domestiques","des animaux de rente et des choses contre les dangers et les dégâts qui peuvent survenir dans le cas d'une utilisation appropriée des installations électriques; elle est assurée par l'application de mesures destinées aux fins suivantes: la protection contre les chocs électriques","contre les effets thermiques","contre les surintensités","contre les courants de défaut; contre les perturbations de tension","contre les influences électromagnétiques","contre les interruptions de l'alimentation électrique.","","1","2025-08-31"
"Niveau d'intégrité de sécurité SIL","","Degré de détermination des exigences en matière d'intégrité de sécurité concernant les fonctions de sécurité qui sont affectées aux systèmes de sécurité électriques/électroniques/programmables.","","1","2025-08-31"
"Fusible(cartouche fusible)","","Appareil dont la fonction est d'ouvrir par la fusion d'un ou de plusieurs de ses éléments conçus et calibrés à cet effet le circuit dans lequel il est inséré en coupant le courant lorsque celui-ci dépasse pendant un temps suffisant une valeur donnée. Le fusible comprend toutes les parties qui constituent l'appareil complet.","","1","2025-08-31"
"Tension(phase-terre)","","Tension entre un conducteur de ligne et la terre de référence en un point donné d'un circuit électrique.","","1","2025-08-31"
"Tension(phase-neutre)","","Tension entre un conducteur de ligne et le conducteur de neutre en un point donné d'un circuit à courant alternatif.","","1","2025-08-31"
"Tension(phases)","","Tension entre deux conducteurs de ligne en un point donné d'un circuit électrique.","","1","2025-08-31"
"Autotransformateur","","Transformateurs dont les enroulements primaires et secondaires sont connectés ensemble.","","1","2025-08-31"
"Point d'alimentation","","Point de livraison de l'énergie électrique à l'installation électrique.","","1","2025-08-31"
"Installations à courant fort","","Installation électrique dans laquelle peuvent se produire des tensions et courants dangereux pour les personnes et les choses. Selon la présente norme","il s'agit d'installations dont la tension de service dépasse 50 V AC ou 120 V DC ou dont le courant de service dépasse 2 A.","","1","2025-08-31"
"Prise","","Partie du dispositif conjoncteur que l'on raccorde du côté réseau.","","1","2025-08-31"
"Fiche","","Partie du dispositif conjoncteur que l'on raccorde du côté récepteur.","","1","2025-08-31"
"Dispositif conjoncteur","","Dispositif permettant","aussi souvent que nécessaire","de relier des canalisations mobiles soit entre elles","soit à des canalisations fixes","soit à des appareils","ou encore de relier des appareils entre eux. Tout dispositif conjoncteur se compose d'une prise et d'une fiche. Le terme dispositif conjoncteur ne s'applique pas aux dispositifs de conjonction qui servent à remplacer des dispositifs de raccordement fixes et qui ne sont pas prévus pour être manœuvrés en service.","","1","2025-08-31"
"Tension de tenue aux chocs","","Valeur de crête la plus élevée d'une tension de choc","de forme et de polarité prescrites","qui ne provoque pas de claquage dans des conditions d'essai spécifiées.","","1","2025-08-31"
"Appareil de commande et de protection(CPS)","","Appareil(ou dispositif) capable de manœuvres autres qu'à la main","mais avec ou sans dispositifs manuels de commande locale. Un appareil de commande et de protection(CPS) réunit les fonctions d'un contacteur et d'un dispositif de protection contre les surintensités(OCPD).","","1","2025-08-31"
"Appareillage","","Matériel électrique destiné à être relié à un circuit électrique en vue d'assurer une ou plusieurs des fonctions suivantes: protection","commande","sectionnement","commutation(dispositif de coupure)","","1","2025-08-31"
"Commande","","Processus visant à maintenir le système dans la limite de paramètres prédéfinis au moyen de commandes pour le contrôle fonctionnel(non sécuritaire) ou le contrôle sécuritaire.","","1","2025-08-31"
"Courant admissible","","Valeur maximale du courant électrique qui peut parcourir en permanence un conducteur","un dispositif ou un appareil","sans que sa température de régime permanent","dans des conditions données","soit supérieure à la valeur spécifiée.","","1","2025-08-31"
"Circuit","","Ensemble de dispositifs ou de milieux d'une installation électrique à travers lesquels est prévu le passage du courant électrique.","","1","2025-08-31"
"Circuit pour services de sécurité","","Circuit destiné à être utilisé comme partie d'une installation électrique pour services de sécurité.","","1","2025-08-31"
"Source de courant pour services de sécurité","","Source de courant destinée à être utilisée comme partie d'une installation électrique pour services de sécurité.","","1","2025-08-31"
"Source à courant limité","","Appareil qui fournit de l'énergie électrique à un circuit électrique avec un courant en régime permanent et une charge électrique limités à des niveaux non dangereux et avec une séparation électrique de protection entre la sortie de l'appareil et les parties actives dangereuses.","","1","2025-08-31"
"Conducteur de référencement du système","","Conducteur situé entre un conducteur sous tension et l'installation de mise à la terre","en vue de permettre au conducteur sous tension d'être sensiblement au même potentiel que la Terre.","","1","2025-08-31"
"Sélectivité partielle","","Sélectivité pour laquelle le dispositif de protection contre les surintensités(OCPD) du côté charge fonctionne uniquement jusqu'à un courant de défaut(le courant limite de sélectivité) inférieur au courant de court-circuit présumé maximal à son point de raccordement.","","1","2025-08-31"
"Déconnexion(isolement)","","Mesure permettant de réaliser une isolation adéquate entre un matériel électrique","un réseau","une installation ou une partie d'installation et leurs sources d'énergie.","","1","2025-08-31"
"Local sec","","Local ou volume particulier à l'intérieur d'un local dans lesquels","en règle générale","il n'apparaît pas d'eau de condensation ou dans lequel l'air n'est pas saturé d'humidité.","","1","2025-08-31"
"Relais de surcharge","","Relais ou déclencheur de surintensité destiné à protéger des surcharges.","","1","2025-08-31"
"Courant de surcharge","","Surintensité se produisant dans un circuit électrique","qui n'est pas due à un court-circuit ou à un défaut à la terre.","","1","2025-08-31"
"Dispositif de protection contre les surtensions(SPD)","","Dispositif de protection incluant au moins un composant non linéaire et destiné à limiter les surtensions et à dériver les courants pulsés. Un dispositif de protection contre les surtensions(SPD) est une unité complète qui présente des possibilités de raccordement appropriées.","","1","2025-08-31"
"Surintensité","","Courant électrique supérieur au courant électrique assigné.","","1","2025-08-31"
"Dispositif de protection contre les surintensités","","Dispositif destiné à interrompre un circuit électrique lorsque le courant dans le(s) conducteur(s) dépasse une valeur prédéterminée pendant une durée spécifiée.","","1","2025-08-31"
"Surveiller","","Acquérir la valeur d'une grandeur en continu ou de manière séquentielle","afin de vérifier si elle est dans les limites de fonctionnement normales et","si nécessaire","afin de signaler si elle passe ses limites de tolérance.","","1","2025-08-31"
"Température ambiante","","Température de l'air ou d'un autre milieu au voisinage des installations électriques.","","1","2025-08-31"
"Enveloppe","","Enceinte assurant le type et le degré de protection approprié pour l'application prévue.","","1","2025-08-31"
"Enveloppe(électrique)","","Enveloppe assurant la protection contre les dangers prévisibles crées par l'électricité.","","1","2025-08-31"
"Temps de commutation","","Période entre la défaillance de l'alimentation électrique normale et la reprise de l'alimentation des matériels par une source de courant auxiliaire.","","1","2025-08-31"
"Prise de terre indépendante/ Electrode de terre indépendante","","Electrode de terre","suffisamment éloignée d'autres électrodes de terre pour que son potentiel électrique ne soit pas sensiblement affecté par les courants électriques entre la terre et les autres électodes de terre.","","1","2025-08-31"
"Matériel d'utilisation","","Matériel électrique destiné à transformer l'énergie électrique en une autre forme d'énergie. Il s'agit par exemple de l'énergie lumineuse","calorifique ou mécanique.","","1","2025-08-31"
"Cordon prolongateur","","Canalisation mobile équipée à l'une de ses extrémités d'une fiche­ réseau et à l'autre d'une prise de prolongateur.","","1","2025-08-31"
"Réseau équipotentiel maillé (MESH-BN)","","Réseau équipotentiel dans lequel tous les châssis","bâtis et armoires des matériels associés et en général aussi le conducteur de retour de l'alimentation en courant continu sont interconnectés","mais aussi connectés en de nombreux endroits au réseau commun de liaison équipotentielle(CBN).","","1","2025-08-31"
"Sécurité d'approvisionnement","","Propriété d'une installation caractérisée par la mesure dans laquelle l'exploitation d'une installation électrique se rapproche d'un état idéal exempt d'interruption ou dans laquelle les interruptions dues à la coordination des dispositifs électriques sont réduites à leur minimum lors de l'exploitation de l'installation électrique.","","1","2025-08-31"
"Isolation renforcée","","Isolation assurant un degré de protection contre les chocs électriques équivalent à celui d'une double isolation. Elle peut comporter plusieurs couches qui ne peuvent pas être essayées séparément en tant qu'isolation principale ou isolation supplémentaire.","","1","2025-08-31"
"Disposition de protection renforcée","","Disposition de protection dont la fiabilité n'est pas inférieure à celle fournie par deux dispositions de protection indépendantes.","","1","2025-08-31"
"Tableau de répartition","","Ensemble comportant différents types d'appareillage associés à un ou plusieurs circuits électriques de départ alimentés par un ou plusieurs circuits électriques d'arrivée","ainsi que des bornes pour les conducteurs neutre et de protection.","","1","2025-08-31"
"Circuit de distribution","","Circuit électrique alimentant un ou plusieurs tableaux de répartition.","","1","2025-08-31"
"AEAI","","Association des établissements cantonaux d'assurance incendie","","1","2025-08-31"
"Sélectivité totale","","Sélectivité pour laquelle seul le dispositif de protection contre les surintensités(OCPD) du côté charge fonctionne jusqu'au courant de court-circuit présumé maximal à son point de raccordement.","","1","2025-08-31"
"Circuit prioritaire","","Alimentation sûre directement branchée sur le raccordement d'immeuble et destinée à l'alimentation de dispositifs pour services de sécurité qui sont censés rester en service aussi longtemps que possible en cas d'urgence. Les pompes sprinkler constituent un exemple de tels dispositifs pour services de sécurité.","","1","2025-08-31"
"Outils","","Moyens auxiliaires nécessaires pour ouvrir des coffrages","barrières","boîtiers ou analogues qui ne peuvent pas être ouverts à main nue. Les tournevis","les clés à écrous","les pinces","les pièces de monnaie","les lames de couteaux et autres sont considérés comme des outils. Les clés triangulaires et les clés carrées sont considérées comme des outils lorsqu'il s'agit d'une fermeture à boulon(par exemple couvercle d'enveloppe d'un fusible de raccordement).","","1","2025-08-31"
"Système d'alimentation central","","Système d'alimentation qui fournit l'énergie nécessaire aux matériels de sécurité essentiels en cas d'urgence.","","1","2025-08-31"
"Isolation supplémentaire","","Isolation indépendante prévue","en plus de l'isolation principale","en tant que protection en cas de défaut.","","1","2025-08-31"
"Protection supplémentaire","","Mesure de protection en complément de la protection principale et/ou de la protection en cas de défaut.","","1","2025-08-31"